https://sh.lianjia.com/ershoufang/beicai/pg1/, 51
https://sh.lianjia.com/ershoufang/biyun/pg1/, 5
https://sh.lianjia.com/ershoufang/caolu/pg1/, 19
https://sh.lianjia.com/ershoufang/chuansha/pg1/, 44
https://sh.lianjia.com/ershoufang/gaohang/pg1/, 23
https://sh.lianjia.com/ershoufang/hangtou/pg1/, 19
https://sh.lianjia.com/ershoufang/huamu/pg1/, 10
https://sh.lianjia.com/ershoufang/huinan/pg1/, 53
https://sh.lianjia.com/ershoufang/jinqiao/pg1/, 57
https://sh.lianjia.com/ershoufang/jinyang/pg1/, 34
https://sh.lianjia.com/ershoufang/kangqiao/pg1/, 24
https://sh.lianjia.com/ershoufang/lianyang/pg1/, 6
https://sh.lianjia.com/ershoufang/lingangxincheng/pg1/, 15
https://sh.lianjia.com/ershoufang/lujiazui/pg1/, 23
https://sh.lianjia.com/ershoufang/meiyuan1/pg1/,23
https://sh.lianjia.com/ershoufang/nanmatou/pg1/, 17
https://sh.lianjia.com/ershoufang/nichengzhen/pg1/, 13
https://sh.lianjia.com/ershoufang/sanlin/pg1/, 36
https://sh.lianjia.com/ershoufang/shibo/pg1/, 43
https://sh.lianjia.com/ershoufang/shuyuanzhen/pg1/, 5
https://sh.lianjia.com/ershoufang/tangqiao/pg1/, 23
https://sh.lianjia.com/ershoufang/tangzhen/pg1/, 25
https://sh.lianjia.com/ershoufang/waigaoqiao/pg1/, 16
https://sh.lianjia.com/ershoufang/weifang/pg1/, 20
https://sh.lianjia.com/ershoufang/xinchang/pg1/, 12
https://sh.lianjia.com/ershoufang/xuanqiao/pg1/, 8
https://sh.lianjia.com/ershoufang/yangjing/pg1/, 28
https://sh.lianjia.com/ershoufang/yangsiqiantan/pg1/, 36
https://sh.lianjia.com/ershoufang/yuanshen/pg1/, 10
https://sh.lianjia.com/ershoufang/yuqiao1/pg1/, 12
https://sh.lianjia.com/ershoufang/zhangjiang/pg1/, 22
https://sh.lianjia.com/ershoufang/zhoupu/pg1/, 37
https://sh.lianjia.com/ershoufang/chunshen/pg1/, 16
https://sh.lianjia.com/ershoufang/gumei/pg1/, 34
https://sh.lianjia.com/ershoufang/hanghua/pg1/, 12
https://sh.lianjia.com/ershoufang/huacao/pg1/, 19
https://sh.lianjia.com/ershoufang/jiangqiao/pg1/, 13
https://sh.lianjia.com/ershoufang/jinganxincheng/pg1/, 8
https://sh.lianjia.com/ershoufang/jinhongqiao/pg1/, 15
https://sh.lianjia.com/ershoufang/jinhui/pg1/, 11
https://sh.lianjia.com/ershoufang/laominhang/pg1/, 29
https://sh.lianjia.com/ershoufang/longbai/pg1/, 10
https://sh.lianjia.com/ershoufang/meilong/pg1/, 19
https://sh.lianjia.com/ershoufang/minpu/pg1/, 29
https://sh.lianjia.com/ershoufang/pujiang1/pg1/, 29
https://sh.lianjia.com/ershoufang/qibao/pg1/, 28
https://sh.lianjia.com/ershoufang/shenminbieshu/pg1/, 22
https://sh.lianjia.com/ershoufang/wujing/pg1/, 12
https://sh.lianjia.com/ershoufang/xinzhuangbeiguangchang/pg1/, 17
https://sh.lianjia.com/ershoufang/xinzhuangnanguangchang/pg1/, 26
https://sh.lianjia.com/ershoufang/zhuanqiao/pg1/, 26
https://sh.lianjia.com/ershoufang/dahua/pg1/, 14
https://sh.lianjia.com/ershoufang/gaojing/pg1/, 13
https://sh.lianjia.com/ershoufang/gongfu/pg1/, 6
https://sh.lianjia.com/ershoufang/gongkang/pg1/, 8
https://sh.lianjia.com/ershoufang/gucun/pg1/, 35
https://sh.lianjia.com/ershoufang/luodian/pg1/, 24
https://sh.lianjia.com/ershoufang/shangda/pg1/, 18
https://sh.lianjia.com/ershoufang/songbao/pg1/, 19
https://sh.lianjia.com/ershoufang/songnan/pg1/, 10
https://sh.lianjia.com/ershoufang/yanghang/pg1/, 11
https://sh.lianjia.com/ershoufang/zhangmiao/pg1/, 8
https://sh.lianjia.com/ershoufang/changqiao/pg1/, 6
https://sh.lianjia.com/ershoufang/hengshanlu/pg1/, 7
https://sh.lianjia.com/ershoufang/huadongligong/pg1/, 16
https://sh.lianjia.com/ershoufang/huajing/pg1/, 7
https://sh.lianjia.com/ershoufang/kangjian/pg1/, 20
https://sh.lianjia.com/ershoufang/longhua/pg1/, 15
https://sh.lianjia.com/ershoufang/shanghainanzhan/pg1/, 6
https://sh.lianjia.com/ershoufang/tianlin/pg1/, 14
https://sh.lianjia.com/ershoufang/wantiguan/pg1/, 7
https://sh.lianjia.com/ershoufang/xietulu/pg1/, 11
https://sh.lianjia.com/ershoufang/xuhuibinjiang/pg1/, 5
https://sh.lianjia.com/ershoufang/xujiahui/pg1/, 34
https://sh.lianjia.com/ershoufang/zhiwuyuan/pg1/, 7
https://sh.lianjia.com/ershoufang/caoyang/pg1/, 10
https://sh.lianjia.com/ershoufang/changfeng1/pg1/, 14
https://sh.lianjia.com/ershoufang/changshoulu/pg1/, 19
https://sh.lianjia.com/ershoufang/changzheng/pg1/, 7
https://sh.lianjia.com/ershoufang/ganquanyichuan/pg1/, 18
https://sh.lianjia.com/ershoufang/guangxin/pg1/, 16
https://sh.lianjia.com/ershoufang/taopu/pg1/, 13
https://sh.lianjia.com/ershoufang/wanli/pg1/,6
https://sh.lianjia.com/ershoufang/wuning/pg1/, 18
https://sh.lianjia.com/ershoufang/zhenguang/pg1/, 7
https://sh.lianjia.com/ershoufang/zhenru/pg1/, 20
https://sh.lianjia.com/ershoufang/zhongyuanliangwancheng/pg1/, 8
https://sh.lianjia.com/ershoufang/anshan/pg1/, 28
https://sh.lianjia.com/ershoufang/dongwaitan/pg1/, 15
https://sh.lianjia.com/ershoufang/huangxinggongyuan/pg1/, 27
https://sh.lianjia.com/ershoufang/kongjianglu/pg1/, 17
https://sh.lianjia.com/ershoufang/wujiaochang/pg1/, 21
https://sh.lianjia.com/ershoufang/xinjiangwancheng/pg1/, 11
https://sh.lianjia.com/ershoufang/zhongyuan1/pg1/, 40
https://sh.lianjia.com/ershoufang/zhoujiazuilu/pg1/, 24
https://sh.lianjia.com/ershoufang/beixinjing/pg1/, 20
https://sh.lianjia.com/ershoufang/gubei/pg1/, 12
https://sh.lianjia.com/ershoufang/hongqiao1/pg1/, 8
https://sh.lianjia.com/ershoufang/tianshan/pg1/, 8
https://sh.lianjia.com/ershoufang/xianxia/pg1/, 12
https://sh.lianjia.com/ershoufang/xijiao/pg1/, 9
https://sh.lianjia.com/ershoufang/xinhualu/pg1/, 24
https://sh.lianjia.com/ershoufang/zhenninglu/pg1/, 9
https://sh.lianjia.com/ershoufang/zhongshangongyuan/pg1/, 30
https://sh.lianjia.com/ershoufang/jiuting/pg1/, 36
https://sh.lianjia.com/ershoufang/sheshan/pg1/, 21
https://sh.lianjia.com/ershoufang/sijing/pg1/, 51
https://sh.lianjia.com/ershoufang/songjiangdaxuecheng/pg1/, 27
https://sh.lianjia.com/ershoufang/songjianglaocheng/pg1/, 30
https://sh.lianjia.com/ershoufang/songjiangxincheng/pg1/, 22
https://sh.lianjia.com/ershoufang/xinqiao/pg1/, 5
https://sh.lianjia.com/ershoufang/anting/pg1/, 20
https://sh.lianjia.com/ershoufang/fengzhuang/pg1/, 8
https://sh.lianjia.com/ershoufang/jiadinglaocheng/pg1/, 10
https://sh.lianjia.com/ershoufang/jiadingxincheng/pg1/, 13
https://sh.lianjia.com/ershoufang/jiangqiao/pg1/, 13
https://sh.lianjia.com/ershoufang/juyuanxinqu/pg1/, 11
https://sh.lianjia.com/ershoufang/nanxiang/pg1/, 27
https://sh.lianjia.com/ershoufang/xuxing/pg1/, 5
https://sh.lianjia.com/ershoufang/huangpu/pg1/, 68
https://sh.lianjia.com/ershoufang/buyecheng/pg1/, 10
https://sh.lianjia.com/ershoufang/caojiadu/pg1/, 21
https://sh.lianjia.com/ershoufang/daning/pg1/, 26
https://sh.lianjia.com/ershoufang/jiangninglu/pg1/, 15
https://sh.lianjia.com/ershoufang/nanjingxilu/pg1/, 14
https://sh.lianjia.com/ershoufang/pengpu/pg1/, 16
https://sh.lianjia.com/ershoufang/xizangbeilu/pg1/, 16
https://sh.lianjia.com/ershoufang/yangcheng/pg1/, 10
https://sh.lianjia.com/ershoufang/zhabeigongyuan/pg1/, 7
https://sh.lianjia.com/ershoufang/hongkou/pg1/, 82
https://sh.lianjia.com/ershoufang/huaxin/pg1/, 10
https://sh.lianjia.com/ershoufang/xiayang/pg1/, 14
https://sh.lianjia.com/ershoufang/xujing/pg1/, 30
https://sh.lianjia.com/ershoufang/yingpu/pg1/, 18
https://sh.lianjia.com/ershoufang/zhaoxiang/pg1/, 27
https://sh.lianjia.com/ershoufang/zhujiajiao/pg1/, 13
https://sh.lianjia.com/ershoufang/fengxian/pg1/, 68
https://sh.lianjia.com/ershoufang/jinshan/pg1/, 43
https://sh.lianjia.com/ershoufang/chongming/pg1/, 23